timeStamp,elapsed,label,responseCode,responseMessage,threadName,dataType,success,failureMessage,bytes,sentBytes,grpThreads,allThreads,URL,Latency,IdleTime,Connect
1736528065494,1124,Login,200,OK,Thread Group 1-3,text,true,,4942,538,6,6,https://opensource-demo.orangehrmlive.com/web/index.php/auth/login,1114,0,690
1736528064898,2012,Login,200,OK,Thread Group 1-1,text,true,,4934,538,7,7,https://opensource-demo.orangehrmlive.com/web/index.php/auth/login,2012,0,992
1736528066158,1101,Login,200,OK,Thread Group 1-5,text,true,,4935,538,8,8,https://opensource-demo.orangehrmlive.com/web/index.php/auth/login,1101,0,704
1736528066494,1072,Login,200,OK,Thread Group 1-6,text,true,,4952,538,9,9,https://opensource-demo.orangehrmlive.com/web/index.php/auth/login,1072,0,685
1736528065888,1749,Login,200,OK,Thread Group 1-4,text,true,,4940,538,9,9,https://opensource-demo.orangehrmlive.com/web/index.php/auth/login,1749,0,651
1736528066822,1078,Login,200,OK,Thread Group 1-7,text,true,,4946,538,10,10,https://opensource-demo.orangehrmlive.com/web/index.php/auth/login,1077,0,690
1736528067820,1460,Login,200,OK,Thread Group 1-10,text,true,,4935,538,14,14,https://opensource-demo.orangehrmlive.com/web/index.php/auth/login,1460,0,1071
1736528065156,4539,Login,200,OK,Thread Group 1-2,text,true,,4929,538,15,15,https://opensource-demo.orangehrmlive.com/web/index.php/auth/login,4539,0,1792
1736528067490,3093,Login,200,OK,Thread Group 1-9,text,true,,4941,538,18,18,https://opensource-demo.orangehrmlive.com/web/index.php/auth/login,3093,0,700
1736528068485,2234,Login,200,OK,Thread Group 1-12,text,true,,4931,538,18,18,https://opensource-demo.orangehrmlive.com/web/index.php/auth/login,2234,0,1439
1736528069482,1439,Login,200,OK,Thread Group 1-15,text,true,,4954,538,19,19,https://opensource-demo.orangehrmlive.com/web/index.php/auth/login,1439,0,702
1736528070163,3030,Login,200,OK,Thread Group 1-17,text,true,,4924,538,26,26,https://opensource-demo.orangehrmlive.com/web/index.php/auth/login,3030,0,1672
1736528069160,4692,Login,200,OK,Thread Group 1-14,text,true,,4943,538,28,28,https://opensource-demo.orangehrmlive.com/web/index.php/auth/login,4692,0,3010
1736528073150,1074,Login,200,OK,Thread Group 1-26,text,true,,4944,538,29,29,https://opensource-demo.orangehrmlive.com/web/index.php/auth/login,1074,0,693
1736528073486,1077,Login,200,OK,Thread Group 1-27,text,true,,4933,538,30,30,https://opensource-demo.orangehrmlive.com/web/index.php/auth/login,1077,0,683
1736528068153,6676,Login,200,OK,Thread Group 1-11,text,false,"The operation lasted too long: It took 6,676 milliseconds, but should not have lasted longer than 5,000 milliseconds.",4952,538,30,30,https://opensource-demo.orangehrmlive.com/web/index.php/auth/login,6676,0,1419
1736528071155,3984,Login,200,OK,Thread Group 1-20,text,true,,4951,538,30,30,https://opensource-demo.orangehrmlive.com/web/index.php/auth/login,3984,0,3350
1736528071485,4090,Login,200,OK,Thread Group 1-21,text,true,,4954,538,30,30,https://opensource-demo.orangehrmlive.com/web/index.php/auth/login,4090,0,1679
1736528073816,2354,Login,200,OK,Thread Group 1-28,text,true,,4941,538,30,30,https://opensource-demo.orangehrmlive.com/web/index.php/auth/login,2354,0,691
1736528070816,5354,Login,200,OK,Thread Group 1-19,text,false,"The operation lasted too long: It took 5,354 milliseconds, but should not have lasted longer than 5,000 milliseconds.",4934,538,30,30,https://opensource-demo.orangehrmlive.com/web/index.php/auth/login,5354,0,4326
1736528072151,4726,Login,200,OK,Thread Group 1-23,text,true,,4936,538,30,30,https://opensource-demo.orangehrmlive.com/web/index.php/auth/login,4726,0,686
1736528074483,2457,Login,200,OK,Thread Group 1-30,text,true,,4949,538,30,30,https://opensource-demo.orangehrmlive.com/web/index.php/auth/login,2456,0,686
1736528074150,3152,Login,200,OK,Thread Group 1-29,text,true,,4936,538,30,30,https://opensource-demo.orangehrmlive.com/web/index.php/auth/login,3152,0,1716
1736528067160,10142,Login,200,OK,Thread Group 1-8,text,false,"The operation lasted too long: It took 10,142 milliseconds, but should not have lasted longer than 5,000 milliseconds.",4933,538,30,30,https://opensource-demo.orangehrmlive.com/web/index.php/auth/login,10142,0,4951
1736528072484,4819,Login,200,OK,Thread Group 1-24,text,true,,4933,538,30,30,https://opensource-demo.orangehrmlive.com/web/index.php/auth/login,4818,0,2717
1736528070487,7925,Login,200,OK,Thread Group 1-18,text,false,"The operation lasted too long: It took 7,925 milliseconds, but should not have lasted longer than 5,000 milliseconds.",4936,538,30,30,https://opensource-demo.orangehrmlive.com/web/index.php/auth/login,7925,0,683
1736528068819,11166,Login,200,OK,Thread Group 1-13,text,false,"The operation lasted too long: It took 11,166 milliseconds, but should not have lasted longer than 5,000 milliseconds.",4950,538,30,30,https://opensource-demo.orangehrmlive.com/web/index.php/auth/login,11166,0,754
1736528069814,11403,Login,200,OK,Thread Group 1-16,text,false,"The operation lasted too long: It took 11,403 milliseconds, but should not have lasted longer than 5,000 milliseconds.",4930,538,30,30,https://opensource-demo.orangehrmlive.com/web/index.php/auth/login,11403,0,9346
1736528072821,11412,Login,200,OK,Thread Group 1-25,text,false,"The operation lasted too long: It took 11,412 milliseconds, but should not have lasted longer than 5,000 milliseconds.",4928,538,30,30,https://opensource-demo.orangehrmlive.com/web/index.php/auth/login,11412,0,1684
1736528083540,778,Validate,200,OK,Thread Group 1-1,text,true,,6923,1413,30,30,https://opensource-demo.orangehrmlive.com/web/index.php/auth/login,382,0,0
1736528083540,382,Validate-0,302,Found,Thread Group 1-1,text,true,,1956,829,30,30,https://opensource-demo.orangehrmlive.com/web/index.php/auth/validate,382,0,0
1736528083924,394,Validate-1,200,OK,Thread Group 1-1,text,true,,4967,584,30,30,https://opensource-demo.orangehrmlive.com/web/index.php/auth/login,394,0,0
1736528084265,833,Validate,200,OK,Thread Group 1-4,text,true,,6920,1413,30,30,https://opensource-demo.orangehrmlive.com/web/index.php/auth/login,394,0,0
1736528084265,394,Validate-0,302,Found,Thread Group 1-4,text,true,,1956,829,30,30,https://opensource-demo.orangehrmlive.com/web/index.php/auth/validate,394,0,0
1736528084660,438,Validate-1,200,OK,Thread Group 1-4,text,true,,4964,584,30,30,https://opensource-demo.orangehrmlive.com/web/index.php/auth/login,438,0,0
1736528083891,2459,Validate,200,OK,Thread Group 1-5,text,true,,6921,1413,30,30,https://opensource-demo.orangehrmlive.com/web/index.php/auth/login,394,0,0
1736528083891,395,Validate-0,302,Found,Thread Group 1-5,text,true,,1956,829,30,30,https://opensource-demo.orangehrmlive.com/web/index.php/auth/validate,394,0,0
1736528084286,2064,Validate-1,200,OK,Thread Group 1-5,text,true,,4965,584,30,30,https://opensource-demo.orangehrmlive.com/web/index.php/auth/login,2064,0,0
1736528086321,898,Validate,200,OK,Thread Group 1-2,text,true,,6919,1413,30,30,https://opensource-demo.orangehrmlive.com/web/index.php/auth/login,502,0,0
1736528086321,503,Validate-0,302,Found,Thread Group 1-2,text,true,,1956,829,30,30,https://opensource-demo.orangehrmlive.com/web/index.php/auth/validate,502,0,0
1736528086824,395,Validate-1,200,OK,Thread Group 1-2,text,true,,4963,584,30,30,https://opensource-demo.orangehrmlive.com/web/index.php/auth/login,395,0,0
1736528087544,828,Validate,200,OK,Thread Group 1-15,text,true,,6935,1413,30,30,https://opensource-demo.orangehrmlive.com/web/index.php/auth/login,419,0,0
1736528087544,419,Validate-0,302,Found,Thread Group 1-15,text,true,,1956,829,30,30,https://opensource-demo.orangehrmlive.com/web/index.php/auth/validate,419,0,0
1736528087964,408,Validate-1,200,OK,Thread Group 1-15,text,true,,4979,584,30,30,https://opensource-demo.orangehrmlive.com/web/index.php/auth/login,408,0,0
1736528085907,2745,Validate,200,OK,Thread Group 1-10,text,true,,6924,1413,30,30,https://opensource-demo.orangehrmlive.com/web/index.php/auth/login,1412,0,0
1736528085907,1412,Validate-0,302,Found,Thread Group 1-10,text,true,,1956,829,30,30,https://opensource-demo.orangehrmlive.com/web/index.php/auth/validate,1412,0,0
1736528087320,1332,Validate-1,200,OK,Thread Group 1-10,text,true,,4968,584,30,30,https://opensource-demo.orangehrmlive.com/web/index.php/auth/login,1332,0,0
1736528084196,4762,Validate,200,OK,Thread Group 1-6,text,true,,6939,1413,30,30,https://opensource-demo.orangehrmlive.com/web/index.php/auth/login,384,0,0
1736528084196,384,Validate-0,302,Found,Thread Group 1-6,text,true,,1956,829,30,30,https://opensource-demo.orangehrmlive.com/web/index.php/auth/validate,384,0,0
1736528084581,4377,Validate-1,200,OK,Thread Group 1-6,text,true,,4983,584,30,30,https://opensource-demo.orangehrmlive.com/web/index.php/auth/login,4376,0,0
1736528083309,5667,Validate,200,OK,Thread Group 1-3,text,false,"The operation lasted too long: It took 5,667 milliseconds, but should not have lasted longer than 5,000 milliseconds.",6948,1413,30,30,https://opensource-demo.orangehrmlive.com/web/index.php/auth/login,1422,0,0
1736528083309,1422,Validate-0,302,Found,Thread Group 1-3,text,true,,1956,829,30,30,https://opensource-demo.orangehrmlive.com/web/index.php/auth/validate,1422,0,0
1736528084732,4244,Validate-1,200,OK,Thread Group 1-3,text,true,,4992,584,30,30,https://opensource-demo.orangehrmlive.com/web/index.php/auth/login,4244,0,0
1736528071817,18383,Login,200,OK,Thread Group 1-22,text,false,"The operation lasted too long: It took 18,383 milliseconds, but should not have lasted longer than 5,000 milliseconds.",4924,538,30,30,https://opensource-demo.orangehrmlive.com/web/index.php/auth/login,18383,0,2027
1736528084526,5980,Validate,200,OK,Thread Group 1-7,text,false,"The operation lasted too long: It took 5,980 milliseconds, but should not have lasted longer than 5,000 milliseconds.",6947,1413,30,30,https://opensource-demo.orangehrmlive.com/web/index.php/auth/login,4207,0,0
1736528084526,4207,Validate-0,302,Found,Thread Group 1-7,text,true,,1956,829,30,30,https://opensource-demo.orangehrmlive.com/web/index.php/auth/validate,4207,0,0
1736528088734,1772,Validate-1,200,OK,Thread Group 1-7,text,true,,4991,584,30,30,https://opensource-demo.orangehrmlive.com/web/index.php/auth/login,1772,0,0
1736528089819,814,Validate,200,OK,Thread Group 1-17,text,true,,6947,1413,30,30,https://opensource-demo.orangehrmlive.com/web/index.php/auth/login,394,0,0
1736528089819,394,Validate-0,302,Found,Thread Group 1-17,text,true,,1956,829,30,30,https://opensource-demo.orangehrmlive.com/web/index.php/auth/validate,394,0,0
1736528090213,420,Validate-1,200,OK,Thread Group 1-17,text,true,,4991,584,30,30,https://opensource-demo.orangehrmlive.com/web/index.php/auth/login,420,0,0
1736528091762,786,Validate,200,OK,Thread Group 1-20,text,true,,6923,1413,30,30,https://opensource-demo.orangehrmlive.com/web/index.php/auth/login,381,0,0
1736528091762,381,Validate-0,302,Found,Thread Group 1-20,text,true,,1956,829,30,30,https://opensource-demo.orangehrmlive.com/web/index.php/auth/validate,381,0,0
1736528092143,405,Validate-1,200,OK,Thread Group 1-20,text,true,,4967,584,30,30,https://opensource-demo.orangehrmlive.com/web/index.php/auth/login,405,0,0
1736528090843,1705,Validate,200,OK,Thread Group 1-26,text,true,,6939,1413,30,30,https://opensource-demo.orangehrmlive.com/web/index.php/auth/login,383,0,0
1736528090843,383,Validate-0,302,Found,Thread Group 1-26,text,true,,1956,829,30,30,https://opensource-demo.orangehrmlive.com/web/index.php/auth/validate,383,0,0
1736528091226,1322,Validate-1,200,OK,Thread Group 1-26,text,true,,4983,584,30,30,https://opensource-demo.orangehrmlive.com/web/index.php/auth/login,1322,0,0
1736528090472,2791,Validate,200,OK,Thread Group 1-14,text,true,,6942,1413,30,30,https://opensource-demo.orangehrmlive.com/web/index.php/auth/login,785,0,0
1736528090472,785,Validate-0,302,Found,Thread Group 1-14,text,true,,1956,829,30,30,https://opensource-demo.orangehrmlive.com/web/index.php/auth/validate,785,0,0
1736528091258,2005,Validate-1,200,OK,Thread Group 1-14,text,true,,4986,584,30,30,https://opensource-demo.orangehrmlive.com/web/index.php/auth/login,2005,0,0
1736528087345,5926,Validate,200,OK,Thread Group 1-12,text,false,"The operation lasted too long: It took 5,926 milliseconds, but should not have lasted longer than 5,000 milliseconds.",6944,1413,30,30,https://opensource-demo.orangehrmlive.com/web/index.php/auth/login,4791,0,0
1736528087345,4792,Validate-0,302,Found,Thread Group 1-12,text,true,,1956,829,30,30,https://opensource-demo.orangehrmlive.com/web/index.php/auth/validate,4791,0,0
1736528092137,1134,Validate-1,200,OK,Thread Group 1-12,text,true,,4988,584,30,30,https://opensource-demo.orangehrmlive.com/web/index.php/auth/login,1134,0,0
1736528091451,2040,Validate,200,OK,Thread Group 1-11,text,true,,6939,1413,30,30,https://opensource-demo.orangehrmlive.com/web/index.php/auth/login,399,0,0
1736528091451,399,Validate-0,302,Found,Thread Group 1-11,text,true,,1956,829,30,30,https://opensource-demo.orangehrmlive.com/web/index.php/auth/validate,399,0,0
1736528091851,1640,Validate-1,200,OK,Thread Group 1-11,text,true,,4983,584,30,30,https://opensource-demo.orangehrmlive.com/web/index.php/auth/login,1639,0,0
1736528093925,858,Validate,200,OK,Thread Group 1-29,text,true,,6924,1413,30,30,https://opensource-demo.orangehrmlive.com/web/index.php/auth/login,456,0,0
1736528093925,456,Validate-0,302,Found,Thread Group 1-29,text,true,,1956,829,30,30,https://opensource-demo.orangehrmlive.com/web/index.php/auth/validate,456,0,0
1736528094381,402,Validate-1,200,OK,Thread Group 1-29,text,true,,4968,584,30,30,https://opensource-demo.orangehrmlive.com/web/index.php/auth/login,402,0,0
1736528092791,2037,Validate,200,OK,Thread Group 1-28,text,true,,6931,1413,30,30,https://opensource-demo.orangehrmlive.com/web/index.php/auth/login,472,0,0
1736528092791,472,Validate-0,302,Found,Thread Group 1-28,text,true,,1956,829,30,30,https://opensource-demo.orangehrmlive.com/web/index.php/auth/validate,472,0,0
1736528093264,1564,Validate-1,200,OK,Thread Group 1-28,text,true,,4975,584,30,30,https://opensource-demo.orangehrmlive.com/web/index.php/auth/login,1564,0,0
1736528092193,2727,Validate,200,OK,Thread Group 1-21,text,true,,6925,1413,30,30,https://opensource-demo.orangehrmlive.com/web/index.php/auth/login,1365,0,0
1736528092193,1366,Validate-0,302,Found,Thread Group 1-21,text,true,,1956,829,30,30,https://opensource-demo.orangehrmlive.com/web/index.php/auth/validate,1365,0,0
1736528093559,1361,Validate-1,200,OK,Thread Group 1-21,text,true,,4969,584,30,30,https://opensource-demo.orangehrmlive.com/web/index.php/auth/login,1361,0,0
1736528093929,1104,Validate,200,OK,Thread Group 1-24,text,true,,6947,1413,30,30,https://opensource-demo.orangehrmlive.com/web/index.php/auth/login,407,0,0
1736528093929,407,Validate-0,302,Found,Thread Group 1-24,text,true,,1956,829,30,30,https://opensource-demo.orangehrmlive.com/web/index.php/auth/validate,407,0,0
1736528094336,697,Validate-1,200,OK,Thread Group 1-24,text,true,,4991,584,30,30,https://opensource-demo.orangehrmlive.com/web/index.php/auth/login,697,0,0
1736528094749,800,MyDetails,200,OK,Thread Group 1-1,text,true,,6804,1175,30,30,https://opensource-demo.orangehrmlive.com/web/index.php/auth/login,387,0,0
1736528094749,387,MyDetails-0,302,Found,Thread Group 1-1,text,true,,1956,591,30,30,https://opensource-demo.orangehrmlive.com/web/index.php/pim/viewMyDetails,387,0,0
1736528095137,412,MyDetails-1,200,OK,Thread Group 1-1,text,true,,4848,584,30,30,https://opensource-demo.orangehrmlive.com/web/index.php/auth/login,412,0,0
1736528087210,9339,Validate,200,OK,Thread Group 1-9,text,false,"The operation lasted too long: It took 9,339 milliseconds, but should not have lasted longer than 5,000 milliseconds.",6942,1413,30,30,https://opensource-demo.orangehrmlive.com/web/index.php/auth/login,7112,0,0
1736528087210,7112,Validate-0,302,Found,Thread Group 1-9,text,true,,1956,829,30,30,https://opensource-demo.orangehrmlive.com/web/index.php/auth/validate,7112,0,0
1736528094323,2226,Validate-1,200,OK,Thread Group 1-9,text,true,,4986,584,30,30,https://opensource-demo.orangehrmlive.com/web/index.php/auth/login,2226,0,0
1736528095530,1111,MyDetails,200,OK,Thread Group 1-4,text,true,,6804,1175,30,30,https://opensource-demo.orangehrmlive.com/web/index.php/auth/login,389,0,0
1736528095530,389,MyDetails-0,302,Found,Thread Group 1-4,text,true,,1956,591,30,30,https://opensource-demo.orangehrmlive.com/web/index.php/pim/viewMyDetails,389,0,0
1736528095919,722,MyDetails-1,200,OK,Thread Group 1-4,text,true,,4848,584,30,30,https://opensource-demo.orangehrmlive.com/web/index.php/auth/login,722,0,0
1736528093498,3339,Validate,200,OK,Thread Group 1-23,text,true,,6933,1413,30,30,https://opensource-demo.orangehrmlive.com/web/index.php/auth/login,1394,0,0
1736528093498,1394,Validate-0,302,Found,Thread Group 1-23,text,true,,1956,829,30,30,https://opensource-demo.orangehrmlive.com/web/index.php/auth/validate,1394,0,0
1736528094893,1944,Validate-1,200,OK,Thread Group 1-23,text,true,,4977,584,30,30,https://opensource-demo.orangehrmlive.com/web/index.php/auth/login,1944,0,0
1736528095033,1912,Validate,200,OK,Thread Group 1-18,text,true,,6921,1413,30,30,https://opensource-demo.orangehrmlive.com/web/index.php/auth/login,408,0,0
1736528095033,408,Validate-0,302,Found,Thread Group 1-18,text,true,,1956,829,30,30,https://opensource-demo.orangehrmlive.com/web/index.php/auth/validate,408,0,0
1736528095441,1504,Validate-1,200,OK,Thread Group 1-18,text,true,,4965,584,30,30,https://opensource-demo.orangehrmlive.com/web/index.php/auth/login,1503,0,0
1736528096781,892,MyDetails,200,OK,Thread Group 1-5,text,true,,6807,1175,30,30,https://opensource-demo.orangehrmlive.com/web/index.php/auth/login,479,0,0
1736528096781,479,MyDetails-0,302,Found,Thread Group 1-5,text,true,,1956,591,30,30,https://opensource-demo.orangehrmlive.com/web/index.php/pim/viewMyDetails,479,0,0
1736528097261,412,MyDetails-1,200,OK,Thread Group 1-5,text,true,,4851,584,30,30,https://opensource-demo.orangehrmlive.com/web/index.php/auth/login,412,0,0
1736528093925,4769,Validate,200,OK,Thread Group 1-8,text,true,,6945,1413,30,30,https://opensource-demo.orangehrmlive.com/web/index.php/auth/login,1491,0,0
1736528093925,1491,Validate-0,302,Found,Thread Group 1-8,text,true,,1956,829,30,30,https://opensource-demo.orangehrmlive.com/web/index.php/auth/validate,1491,0,0
1736528095417,3277,Validate-1,200,OK,Thread Group 1-8,text,true,,4989,584,30,30,https://opensource-demo.orangehrmlive.com/web/index.php/auth/login,3277,0,0
1736528097650,1221,MyDetails,200,OK,Thread Group 1-2,text,true,,6788,1175,30,30,https://opensource-demo.orangehrmlive.com/web/index.php/auth/login,419,0,0
1736528097650,419,MyDetails-0,302,Found,Thread Group 1-2,text,true,,1956,591,30,30,https://opensource-demo.orangehrmlive.com/web/index.php/pim/viewMyDetails,419,0,0
1736528098069,802,MyDetails-1,200,OK,Thread Group 1-2,text,true,,4832,584,30,30,https://opensource-demo.orangehrmlive.com/web/index.php/auth/login,802,0,0
1736528097838,2600,Validate,200,OK,Thread Group 1-16,text,true,,6932,1413,30,30,https://opensource-demo.orangehrmlive.com/web/index.php/auth/login,440,0,0
1736528097838,440,Validate-0,302,Found,Thread Group 1-16,text,true,,1956,829,30,30,https://opensource-demo.orangehrmlive.com/web/index.php/auth/validate,440,0,0
1736528098279,2159,Validate-1,200,OK,Thread Group 1-16,text,true,,4976,584,30,30,https://opensource-demo.orangehrmlive.com/web/index.php/auth/login,2159,0,0
1736528098810,2024,MyDetails,200,OK,Thread Group 1-15,text,true,,6788,1175,30,30,https://opensource-demo.orangehrmlive.com/web/index.php/auth/login,402,0,0
1736528098810,402,MyDetails-0,302,Found,Thread Group 1-15,text,true,,1956,591,30,30,https://opensource-demo.orangehrmlive.com/web/index.php/pim/viewMyDetails,402,0,0
1736528099213,1621,MyDetails-1,200,OK,Thread Group 1-15,text,true,,4832,584,30,30,https://opensource-demo.orangehrmlive.com/web/index.php/auth/login,1621,0,0
1736528091185,9955,Validate,200,OK,Thread Group 1-27,text,false,"The operation lasted too long: It took 9,955 milliseconds, but should not have lasted longer than 5,000 milliseconds.",6941,1413,30,30,https://opensource-demo.orangehrmlive.com/web/index.php/auth/login,2101,0,0
1736528091185,2101,Validate-0,302,Found,Thread Group 1-27,text,true,,1956,829,30,30,https://opensource-demo.orangehrmlive.com/web/index.php/auth/validate,2101,0,0
1736528093287,7853,Validate-1,200,OK,Thread Group 1-27,text,true,,4985,584,30,30,https://opensource-demo.orangehrmlive.com/web/index.php/auth/login,7853,0,0
1736528096605,4796,Validate,200,OK,Thread Group 1-13,text,true,,6941,1413,30,30,https://opensource-demo.orangehrmlive.com/web/index.php/auth/login,392,0,0
1736528096605,392,Validate-0,302,Found,Thread Group 1-13,text,true,,1956,829,30,30,https://opensource-demo.orangehrmlive.com/web/index.php/auth/validate,392,0,0
1736528096998,4403,Validate-1,200,OK,Thread Group 1-13,text,true,,4985,584,30,30,https://opensource-demo.orangehrmlive.com/web/index.php/auth/login,4403,0,0
1736528099085,2469,MyDetails,200,OK,Thread Group 1-10,text,true,,6810,1175,30,30,https://opensource-demo.orangehrmlive.com/web/index.php/auth/login,1749,0,0
1736528099085,1749,MyDetails-0,302,Found,Thread Group 1-10,text,true,,1956,591,30,30,https://opensource-demo.orangehrmlive.com/web/index.php/pim/viewMyDetails,1749,0,0
1736528100835,719,MyDetails-1,200,OK,Thread Group 1-10,text,true,,4854,584,30,30,https://opensource-demo.orangehrmlive.com/web/index.php/auth/login,719,0,0
1736528099405,2676,MyDetails,200,OK,Thread Group 1-3,text,true,,6814,1175,30,30,https://opensource-demo.orangehrmlive.com/web/index.php/auth/login,397,0,0
1736528099405,397,MyDetails-0,302,Found,Thread Group 1-3,text,true,,1956,591,30,30,https://opensource-demo.orangehrmlive.com/web/index.php/pim/viewMyDetails,397,0,0
1736528099803,2278,MyDetails-1,200,OK,Thread Group 1-3,text,true,,4858,584,30,30,https://opensource-demo.orangehrmlive.com/web/index.php/auth/login,2278,0,0
1736528101759,804,AdminModule,200,OK,Thread Group 1-1,text,true,,6786,1179,30,30,https://opensource-demo.orangehrmlive.com/web/index.php/auth/login,391,0,0
1736528101759,392,AdminModule-0,302,Found,Thread Group 1-1,text,true,,1956,595,30,30,https://opensource-demo.orangehrmlive.com/web/index.php/admin/viewAdminModule,391,0,0
1736528102151,412,AdminModule-1,200,OK,Thread Group 1-1,text,true,,4830,584,30,30,https://opensource-demo.orangehrmlive.com/web/index.php/auth/login,412,0,0
1736528101063,1822,MyDetails,200,OK,Thread Group 1-17,text,true,,6789,1175,30,30,https://opensource-demo.orangehrmlive.com/web/index.php/auth/login,1414,0,0
1736528101063,1415,MyDetails-0,302,Found,Thread Group 1-17,text,true,,1956,591,30,30,https://opensource-demo.orangehrmlive.com/web/index.php/pim/viewMyDetails,1414,0,0
1736528102478,407,MyDetails-1,200,OK,Thread Group 1-17,text,true,,4833,584,30,30,https://opensource-demo.orangehrmlive.com/web/index.php/auth/login,407,0,0
1736528102849,856,AdminModule,200,OK,Thread Group 1-4,text,true,,6803,1179,30,30,https://opensource-demo.orangehrmlive.com/web/index.php/auth/login,378,0,0
1736528102849,378,AdminModule-0,302,Found,Thread Group 1-4,text,true,,1956,595,30,30,https://opensource-demo.orangehrmlive.com/web/index.php/admin/viewAdminModule,378,0,0
1736528103228,477,AdminModule-1,200,OK,Thread Group 1-4,text,true,,4847,584,30,30,https://opensource-demo.orangehrmlive.com/web/index.php/auth/login,477,0,0
1736528102979,863,MyDetails,200,OK,Thread Group 1-20,text,true,,6795,1175,30,30,https://opensource-demo.orangehrmlive.com/web/index.php/auth/login,469,0,0
1736528102979,469,MyDetails-0,302,Found,Thread Group 1-20,text,true,,1956,591,30,30,https://opensource-demo.orangehrmlive.com/web/index.php/pim/viewMyDetails,469,0,0
1736528103449,393,MyDetails-1,200,OK,Thread Group 1-20,text,true,,4839,584,30,30,https://opensource-demo.orangehrmlive.com/web/index.php/auth/login,393,0,0
1736528100853,3218,Validate,200,OK,Thread Group 1-25,text,true,,6924,1413,30,30,https://opensource-demo.orangehrmlive.com/web/index.php/auth/login,1649,0,0
1736528100853,1649,Validate-0,302,Found,Thread Group 1-25,text,true,,1956,829,30,30,https://opensource-demo.orangehrmlive.com/web/index.php/auth/validate,1649,0,0
1736528102502,1569,Validate-1,200,OK,Thread Group 1-25,text,true,,4968,584,30,30,https://opensource-demo.orangehrmlive.com/web/index.php/auth/login,1569,0,0
1736528103881,833,AdminModule,200,OK,Thread Group 1-5,text,true,,6787,1179,30,30,https://opensource-demo.orangehrmlive.com/web/index.php/auth/login,383,0,0
1736528103881,383,AdminModule-0,302,Found,Thread Group 1-5,text,true,,1956,595,30,30,https://opensource-demo.orangehrmlive.com/web/index.php/admin/viewAdminModule,383,0,0
1736528104265,449,AdminModule-1,200,OK,Thread Group 1-5,text,true,,4831,584,30,30,https://opensource-demo.orangehrmlive.com/web/index.php/auth/login,449,0,0
1736528103699,1721,MyDetails,200,OK,Thread Group 1-12,text,true,,6802,1175,30,30,https://opensource-demo.orangehrmlive.com/web/index.php/auth/login,375,0,0
1736528103699,375,MyDetails-0,302,Found,Thread Group 1-12,text,true,,1956,591,30,30,https://opensource-demo.orangehrmlive.com/web/index.php/pim/viewMyDetails,375,0,0
1736528104075,1345,MyDetails-1,200,OK,Thread Group 1-12,text,true,,4846,584,30,30,https://opensource-demo.orangehrmlive.com/web/index.php/auth/login,1345,0,0
1736528103928,1893,MyDetails,200,OK,Thread Group 1-11,text,true,,6812,1175,30,30,https://opensource-demo.orangehrmlive.com/web/index.php/auth/login,384,0,0
1736528103928,384,MyDetails-0,302,Found,Thread Group 1-11,text,true,,1956,591,30,30,https://opensource-demo.orangehrmlive.com/web/index.php/pim/viewMyDetails,384,0,0
1736528104313,1508,MyDetails-1,200,OK,Thread Group 1-11,text,true,,4856,584,30,30,https://opensource-demo.orangehrmlive.com/web/index.php/auth/login,1508,0,0
1736528105081,1127,AdminModule,200,OK,Thread Group 1-2,text,true,,6807,1179,30,30,https://opensource-demo.orangehrmlive.com/web/index.php/auth/login,389,0,0
1736528105081,389,AdminModule-0,302,Found,Thread Group 1-2,text,true,,1956,595,30,30,https://opensource-demo.orangehrmlive.com/web/index.php/admin/viewAdminModule,389,0,0
1736528105470,738,AdminModule-1,200,OK,Thread Group 1-2,text,true,,4851,584,30,30,https://opensource-demo.orangehrmlive.com/web/index.php/auth/login,738,0,0
1736528105464,807,MyDetails,200,OK,Thread Group 1-24,text,true,,6792,1175,30,30,https://opensource-demo.orangehrmlive.com/web/index.php/auth/login,416,0,0
1736528105464,417,MyDetails-0,302,Found,Thread Group 1-24,text,true,,1956,591,30,30,https://opensource-demo.orangehrmlive.com/web/index.php/pim/viewMyDetails,416,0,0
1736528105881,390,MyDetails-1,200,OK,Thread Group 1-24,text,true,,4836,584,30,30,https://opensource-demo.orangehrmlive.com/web/index.php/auth/login,389,0,0
1736528102980,3431,MyDetails,200,OK,Thread Group 1-26,text,true,,6815,1175,30,30,https://opensource-demo.orangehrmlive.com/web/index.php/auth/login,468,0,0
1736528102980,468,MyDetails-0,302,Found,Thread Group 1-26,text,true,,1956,591,30,30,https://opensource-demo.orangehrmlive.com/web/index.php/pim/viewMyDetails,468,0,0
1736528103449,2962,MyDetails-1,200,OK,Thread Group 1-26,text,true,,4859,584,30,30,https://opensource-demo.orangehrmlive.com/web/index.php/auth/login,2962,0,0
1736528105350,1090,MyDetails,200,OK,Thread Group 1-21,text,true,,6794,1175,30,30,https://opensource-demo.orangehrmlive.com/web/index.php/auth/login,390,0,0
1736528105350,390,MyDetails-0,302,Found,Thread Group 1-21,text,true,,1956,591,30,30,https://opensource-demo.orangehrmlive.com/web/index.php/pim/viewMyDetails,390,0,0
1736528105741,699,MyDetails-1,200,OK,Thread Group 1-21,text,true,,4838,584,30,30,https://opensource-demo.orangehrmlive.com/web/index.php/auth/login,699,0,0
1736528105259,1207,MyDetails,200,OK,Thread Group 1-28,text,true,,6792,1175,30,30,https://opensource-demo.orangehrmlive.com/web/index.php/auth/login,393,0,0
1736528105259,393,MyDetails-0,302,Found,Thread Group 1-28,text,true,,1956,591,30,30,https://opensource-demo.orangehrmlive.com/web/index.php/pim/viewMyDetails,393,0,0
1736528105653,813,MyDetails-1,200,OK,Thread Group 1-28,text,true,,4836,584,30,30,https://opensource-demo.orangehrmlive.com/web/index.php/auth/login,813,0,0
1736528105214,1567,MyDetails,200,OK,Thread Group 1-29,text,true,,6809,1175,30,30,https://opensource-demo.orangehrmlive.com/web/index.php/auth/login,405,0,0
1736528105214,405,MyDetails-0,302,Found,Thread Group 1-29,text,true,,1956,591,30,30,https://opensource-demo.orangehrmlive.com/web/index.php/pim/viewMyDetails,405,0,0
1736528105620,1161,MyDetails-1,200,OK,Thread Group 1-29,text,true,,4853,584,30,30,https://opensource-demo.orangehrmlive.com/web/index.php/auth/login,1161,0,0
1736528099389,7392,MyDetails,200,OK,Thread Group 1-6,text,false,"The operation lasted too long: It took 7,392 milliseconds, but should not have lasted longer than 5,000 milliseconds.",6815,1175,30,30,https://opensource-demo.orangehrmlive.com/web/index.php/auth/login,1445,0,0
1736528099389,1445,MyDetails-0,302,Found,Thread Group 1-6,text,true,,1956,591,30,30,https://opensource-demo.orangehrmlive.com/web/index.php/pim/viewMyDetails,1445,0,0
1736528100835,5946,MyDetails-1,200,OK,Thread Group 1-6,text,true,,4859,584,30,30,https://opensource-demo.orangehrmlive.com/web/index.php/auth/login,5946,0,0
1736528103695,3819,MyDetails,200,OK,Thread Group 1-14,text,true,,6808,1175,30,30,https://opensource-demo.orangehrmlive.com/web/index.php/auth/login,3086,0,0
1736528103695,3086,MyDetails-0,302,Found,Thread Group 1-14,text,true,,1956,591,30,30,https://opensource-demo.orangehrmlive.com/web/index.php/pim/viewMyDetails,3086,0,0
1736528106782,732,MyDetails-1,200,OK,Thread Group 1-14,text,true,,4852,584,30,30,https://opensource-demo.orangehrmlive.com/web/index.php/auth/login,731,0,0
1736528107042,800,AdminModule,200,OK,Thread Group 1-15,text,true,,6792,1179,30,30,https://opensource-demo.orangehrmlive.com/web/index.php/auth/login,395,0,0
1736528107042,395,AdminModule-0,302,Found,Thread Group 1-15,text,true,,1956,595,30,30,https://opensource-demo.orangehrmlive.com/web/index.php/admin/viewAdminModule,395,0,0
1736528107437,405,AdminModule-1,200,OK,Thread Group 1-15,text,true,,4836,584,30,30,https://opensource-demo.orangehrmlive.com/web/index.php/auth/login,405,0,0
1736528107125,783,Dashboard,200,OK,Thread Group 1-1,text,true,,6796,1173,30,30,https://opensource-demo.orangehrmlive.com/web/index.php/auth/login,388,0,0
1736528107125,388,Dashboard-0,302,Found,Thread Group 1-1,text,true,,1956,589,30,30,https://opensource-demo.orangehrmlive.com/web/index.php/dashboard/index,388,0,0
1736528107514,394,Dashboard-1,200,OK,Thread Group 1-1,text,true,,4840,584,30,30,https://opensource-demo.orangehrmlive.com/web/index.php/auth/login,394,0,0
1736528106980,1091,MyDetails,200,OK,Thread Group 1-9,text,true,,6799,1175,30,30,https://opensource-demo.orangehrmlive.com/web/index.php/auth/login,394,0,0
1736528106980,394,MyDetails-0,302,Found,Thread Group 1-9,text,true,,1956,591,30,30,https://opensource-demo.orangehrmlive.com/web/index.php/pim/viewMyDetails,394,0,0
1736528107375,696,MyDetails-1,200,OK,Thread Group 1-9,text,true,,4843,584,30,30,https://opensource-demo.orangehrmlive.com/web/index.php/auth/login,696,0,0
1736528100935,7258,MyDetails,200,OK,Thread Group 1-7,text,false,"The operation lasted too long: It took 7,258 milliseconds, but should not have lasted longer than 5,000 milliseconds.",6788,1175,30,30,https://opensource-demo.orangehrmlive.com/web/index.php/auth/login,6586,0,0
1736528100935,6586,MyDetails-0,302,Found,Thread Group 1-7,text,true,,1956,591,30,30,https://opensource-demo.orangehrmlive.com/web/index.php/pim/viewMyDetails,6586,0,0
1736528107521,672,MyDetails-1,200,OK,Thread Group 1-7,text,true,,4832,584,30,30,https://opensource-demo.orangehrmlive.com/web/index.php/auth/login,672,0,0
1736528108268,805,Dashboard,200,OK,Thread Group 1-4,text,true,,6787,1173,30,30,https://opensource-demo.orangehrmlive.com/web/index.php/auth/login,386,0,0
1736528108268,386,Dashboard-0,302,Found,Thread Group 1-4,text,true,,1956,589,30,30,https://opensource-demo.orangehrmlive.com/web/index.php/dashboard/index,386,0,0
1736528108655,418,Dashboard-1,200,OK,Thread Group 1-4,text,true,,4831,584,30,30,https://opensource-demo.orangehrmlive.com/web/index.php/auth/login,418,0,0
1736528107268,1962,MyDetails,200,OK,Thread Group 1-23,text,true,,6803,1175,30,30,https://opensource-demo.orangehrmlive.com/web/index.php/auth/login,438,0,0
1736528107268,438,MyDetails-0,302,Found,Thread Group 1-23,text,true,,1956,591,30,30,https://opensource-demo.orangehrmlive.com/web/index.php/pim/viewMyDetails,438,0,0
1736528107706,1524,MyDetails-1,200,OK,Thread Group 1-23,text,true,,4847,584,30,30,https://opensource-demo.orangehrmlive.com/web/index.php/auth/login,1524,0,0
1736528108288,1162,AdminModule,200,OK,Thread Group 1-3,text,true,,6792,1179,30,30,https://opensource-demo.orangehrmlive.com/web/index.php/auth/login,393,0,0
1736528108288,393,AdminModule-0,302,Found,Thread Group 1-3,text,true,,1956,595,30,30,https://opensource-demo.orangehrmlive.com/web/index.php/admin/viewAdminModule,393,0,0
1736528108681,769,AdminModule-1,200,OK,Thread Group 1-3,text,true,,4836,584,30,30,https://opensource-demo.orangehrmlive.com/web/index.php/auth/login,769,0,0
1736528107376,2176,MyDetails,200,OK,Thread Group 1-18,text,true,,6803,1175,30,30,https://opensource-demo.orangehrmlive.com/web/index.php/auth/login,392,0,0
1736528107376,393,MyDetails-0,302,Found,Thread Group 1-18,text,true,,1956,591,30,30,https://opensource-demo.orangehrmlive.com/web/index.php/pim/viewMyDetails,392,0,0
1736528107769,1783,MyDetails-1,200,OK,Thread Group 1-18,text,true,,4847,584,30,30,https://opensource-demo.orangehrmlive.com/web/index.php/auth/login,1783,0,0
1736528109094,1171,AdminModule,200,OK,Thread Group 1-17,text,true,,6800,1179,30,30,https://opensource-demo.orangehrmlive.com/web/index.php/auth/login,390,0,0
1736528109094,390,AdminModule-0,302,Found,Thread Group 1-17,text,true,,1956,595,30,30,https://opensource-demo.orangehrmlive.com/web/index.php/admin/viewAdminModule,390,0,0
1736528109484,781,AdminModule-1,200,OK,Thread Group 1-17,text,true,,4844,584,30,30,https://opensource-demo.orangehrmlive.com/web/index.php/auth/login,781,0,0
1736528107761,2863,AdminModule,200,OK,Thread Group 1-10,text,true,,6796,1179,30,30,https://opensource-demo.orangehrmlive.com/web/index.php/auth/login,2135,0,0
1736528107761,2135,AdminModule-0,302,Found,Thread Group 1-10,text,true,,1956,595,30,30,https://opensource-demo.orangehrmlive.com/web/index.php/admin/viewAdminModule,2135,0,0
1736528109896,728,AdminModule-1,200,OK,Thread Group 1-10,text,true,,4840,584,30,30,https://opensource-demo.orangehrmlive.com/web/index.php/auth/login,728,0,0
1736528110050,840,AdminModule,200,OK,Thread Group 1-20,text,false,"The result was the wrong size: It was 6,816 bytes, but should have been less than or equal to 6,815 bytes.",6816,1179,30,30,https://opensource-demo.orangehrmlive.com/web/index.php/auth/login,390,0,0
1736528110050,390,AdminModule-0,302,Found,Thread Group 1-20,text,true,,1956,595,30,30,https://opensource-demo.orangehrmlive.com/web/index.php/admin/viewAdminModule,390,0,0
1736528110441,449,AdminModule-1,200,OK,Thread Group 1-20,text,true,,4860,584,30,30,https://opensource-demo.orangehrmlive.com/web/index.php/auth/login,449,0,0
1736528109126,2207,MyDetails,200,OK,Thread Group 1-8,text,true,,6791,1175,30,30,https://opensource-demo.orangehrmlive.com/web/index.php/auth/login,1455,0,0
1736528109126,1455,MyDetails-0,302,Found,Thread Group 1-8,text,true,,1956,591,30,30,https://opensource-demo.orangehrmlive.com/web/index.php/pim/viewMyDetails,1455,0,0
1736528110582,751,MyDetails-1,200,OK,Thread Group 1-8,text,true,,4835,584,30,30,https://opensource-demo.orangehrmlive.com/web/index.php/auth/login,750,0,0
1736528093560,18061,Validate,200,OK,Thread Group 1-30,text,false,"The operation lasted too long: It took 18,061 milliseconds, but should not have lasted longer than 5,000 milliseconds.",6949,1413,30,30,https://opensource-demo.orangehrmlive.com/web/index.php/auth/login,1676,0,0
1736528093560,1676,Validate-0,302,Found,Thread Group 1-30,text,true,,1956,829,30,30,https://opensource-demo.orangehrmlive.com/web/index.php/auth/validate,1676,0,0
1736528095237,16384,Validate-1,200,OK,Thread Group 1-30,text,true,,4993,584,30,30,https://opensource-demo.orangehrmlive.com/web/index.php/auth/login,16384,0,0
1736528112028,1205,AdminModule,200,OK,Thread Group 1-11,text,true,,6809,1179,30,30,https://opensource-demo.orangehrmlive.com/web/index.php/auth/login,392,0,0
1736528112028,392,AdminModule-0,302,Found,Thread Group 1-11,text,true,,1956,595,30,30,https://opensource-demo.orangehrmlive.com/web/index.php/admin/viewAdminModule,392,0,0
1736528112421,812,AdminModule-1,200,OK,Thread Group 1-11,text,true,,4853,584,30,30,https://opensource-demo.orangehrmlive.com/web/index.php/auth/login,812,0,0
1736528109276,3981,Dashboard,200,OK,Thread Group 1-5,text,true,,6787,1173,30,30,https://opensource-demo.orangehrmlive.com/web/index.php/auth/login,1614,0,0
1736528109276,1614,Dashboard-0,302,Found,Thread Group 1-5,text,true,,1956,589,30,30,https://opensource-demo.orangehrmlive.com/web/index.php/dashboard/index,1614,0,0
1736528110891,2366,Dashboard-1,200,OK,Thread Group 1-5,text,true,,4831,584,30,30,https://opensource-demo.orangehrmlive.com/web/index.php/auth/login,2366,0,0
1736528112404,853,Dashboard,200,OK,Thread Group 1-15,text,true,,6797,1173,30,30,https://opensource-demo.orangehrmlive.com/web/index.php/auth/login,434,0,0
1736528112404,434,Dashboard-0,302,Found,Thread Group 1-15,text,true,,1956,589,30,30,https://opensource-demo.orangehrmlive.com/web/index.php/dashboard/index,434,0,0
1736528112839,418,Dashboard-1,200,OK,Thread Group 1-15,text,true,,4841,584,30,30,https://opensource-demo.orangehrmlive.com/web/index.php/auth/login,418,0,0
1736528110871,2698,MyDetails,200,OK,Thread Group 1-16,text,true,,6816,1175,30,30,https://opensource-demo.orangehrmlive.com/web/index.php/auth/login,403,0,0
1736528110871,403,MyDetails-0,302,Found,Thread Group 1-16,text,true,,1956,591,30,30,https://opensource-demo.orangehrmlive.com/web/index.php/pim/viewMyDetails,403,0,0
1736528111275,2294,MyDetails-1,200,OK,Thread Group 1-16,text,true,,4860,584,30,30,https://opensource-demo.orangehrmlive.com/web/index.php/auth/login,2293,0,0
1736528110769,2904,Dashboard,200,OK,Thread Group 1-2,text,true,,6816,1173,30,30,https://opensource-demo.orangehrmlive.com/web/index.php/auth/login,389,0,0
1736528110769,389,Dashboard-0,302,Found,Thread Group 1-2,text,true,,1956,589,30,30,https://opensource-demo.orangehrmlive.com/web/index.php/dashboard/index,389,0,0
1736528111159,2514,Dashboard-1,200,OK,Thread Group 1-2,text,true,,4860,584,30,30,https://opensource-demo.orangehrmlive.com/web/index.php/auth/login,2514,0,0
1736528112991,1092,AdminModule,200,OK,Thread Group 1-6,text,true,,6815,1179,30,30,https://opensource-demo.orangehrmlive.com/web/index.php/auth/login,382,0,0
1736528112991,382,AdminModule-0,302,Found,Thread Group 1-6,text,true,,1956,595,30,30,https://opensource-demo.orangehrmlive.com/web/index.php/admin/viewAdminModule,382,0,0
1736528113374,709,AdminModule-1,200,OK,Thread Group 1-6,text,true,,4859,584,30,30,https://opensource-demo.orangehrmlive.com/web/index.php/auth/login,709,0,0
1736528111832,2278,MyDetails,200,OK,Thread Group 1-13,text,true,,6802,1175,30,30,https://opensource-demo.orangehrmlive.com/web/index.php/auth/login,410,0,0
1736528111832,410,MyDetails-0,302,Found,Thread Group 1-13,text,true,,1956,591,30,30,https://opensource-demo.orangehrmlive.com/web/index.php/pim/viewMyDetails,410,0,0
1736528112242,1868,MyDetails-1,200,OK,Thread Group 1-13,text,true,,4846,584,30,30,https://opensource-demo.orangehrmlive.com/web/index.php/auth/login,1868,0,0
1736528112619,1511,AdminModule,200,OK,Thread Group 1-26,text,true,,6804,1179,30,30,https://opensource-demo.orangehrmlive.com/web/index.php/auth/login,397,0,0
1736528112619,397,AdminModule-0,302,Found,Thread Group 1-26,text,true,,1956,595,30,30,https://opensource-demo.orangehrmlive.com/web/index.php/admin/viewAdminModule,397,0,0
1736528113017,1113,AdminModule-1,200,OK,Thread Group 1-26,text,true,,4848,584,30,30,https://opensource-demo.orangehrmlive.com/web/index.php/auth/login,1113,0,0
1736528111628,2554,AdminModule,200,OK,Thread Group 1-12,text,true,,6787,1179,30,30,https://opensource-demo.orangehrmlive.com/web/index.php/auth/login,784,0,0
1736528111628,784,AdminModule-0,302,Found,Thread Group 1-12,text,true,,1956,595,30,30,https://opensource-demo.orangehrmlive.com/web/index.php/admin/viewAdminModule,784,0,0
1736528112413,1769,AdminModule-1,200,OK,Thread Group 1-12,text,true,,4831,584,30,30,https://opensource-demo.orangehrmlive.com/web/index.php/auth/login,1769,0,0
1736528112480,2114,AdminModule,200,OK,Thread Group 1-24,text,true,,6803,1179,30,30,https://opensource-demo.orangehrmlive.com/web/index.php/auth/login,386,0,0
1736528112480,386,AdminModule-0,302,Found,Thread Group 1-24,text,true,,1956,595,30,30,https://opensource-demo.orangehrmlive.com/web/index.php/admin/viewAdminModule,386,0,0
1736528112867,1727,AdminModule-1,200,OK,Thread Group 1-24,text,true,,4847,584,30,30,https://opensource-demo.orangehrmlive.com/web/index.php/auth/login,1727,0,0
1736528113722,872,AdminModule,200,OK,Thread Group 1-14,text,true,,6807,1179,30,30,https://opensource-demo.orangehrmlive.com/web/index.php/auth/login,431,0,0
1736528113722,431,AdminModule-0,302,Found,Thread Group 1-14,text,true,,1956,595,30,30,https://opensource-demo.orangehrmlive.com/web/index.php/admin/viewAdminModule,431,0,0
1736528114154,440,AdminModule-1,200,OK,Thread Group 1-14,text,true,,4851,584,30,30,https://opensource-demo.orangehrmlive.com/web/index.php/auth/login,440,0,0
1736528112647,2669,AdminModule,200,OK,Thread Group 1-21,text,true,,6792,1179,30,30,https://opensource-demo.orangehrmlive.com/web/index.php/auth/login,395,0,0
1736528112647,395,AdminModule-0,302,Found,Thread Group 1-21,text,true,,1956,595,30,30,https://opensource-demo.orangehrmlive.com/web/index.php/admin/viewAdminModule,395,0,0
1736528113043,2273,AdminModule-1,200,OK,Thread Group 1-21,text,true,,4836,584,30,30,https://opensource-demo.orangehrmlive.com/web/index.php/auth/login,2273,0,0
1736528114500,1090,MyDetails,200,OK,Thread Group 1-25,text,true,,6788,1175,30,30,https://opensource-demo.orangehrmlive.com/web/index.php/auth/login,397,0,0
1736528114500,397,MyDetails-0,302,Found,Thread Group 1-25,text,true,,1956,591,30,30,https://opensource-demo.orangehrmlive.com/web/index.php/pim/viewMyDetails,397,0,0
1736528114898,692,MyDetails-1,200,OK,Thread Group 1-25,text,true,,4832,584,30,30,https://opensource-demo.orangehrmlive.com/web/index.php/auth/login,692,0,0
1736528114828,1458,Dashboard,200,OK,Thread Group 1-17,text,true,,6813,1173,30,30,https://opensource-demo.orangehrmlive.com/web/index.php/auth/login,393,0,0
1736528114828,394,Dashboard-0,302,Found,Thread Group 1-17,text,true,,1956,589,30,30,https://opensource-demo.orangehrmlive.com/web/index.php/dashboard/index,393,0,0
1736528115222,1064,Dashboard-1,200,OK,Thread Group 1-17,text,true,,4857,584,30,30,https://opensource-demo.orangehrmlive.com/web/index.php/auth/login,1064,0,0
1736528114278,2247,AdminModule,200,OK,Thread Group 1-9,text,true,,6797,1179,30,30,https://opensource-demo.orangehrmlive.com/web/index.php/auth/login,415,0,0
1736528114278,415,AdminModule-0,302,Found,Thread Group 1-9,text,true,,1956,595,30,30,https://opensource-demo.orangehrmlive.com/web/index.php/admin/viewAdminModule,415,0,0
1736528114694,1831,AdminModule-1,200,OK,Thread Group 1-9,text,true,,4841,584,30,30,https://opensource-demo.orangehrmlive.com/web/index.php/auth/login,1831,0,0
1736528111570,5363,MyDetails,200,OK,Thread Group 1-27,text,false,"The operation lasted too long: It took 5,363 milliseconds, but should not have lasted longer than 5,000 milliseconds.",6800,1175,30,30,https://opensource-demo.orangehrmlive.com/web/index.php/auth/login,1472,0,0
1736528111570,1472,MyDetails-0,302,Found,Thread Group 1-27,text,true,,1956,591,30,30,https://opensource-demo.orangehrmlive.com/web/index.php/pim/viewMyDetails,1472,0,0
1736528113043,3890,MyDetails-1,200,OK,Thread Group 1-27,text,true,,4844,584,30,30,https://opensource-demo.orangehrmlive.com/web/index.php/auth/login,3890,0,0
1736528114445,2538,Logout,200,OK,Thread Group 1-1,text,true,,6817,1169,30,30,https://opensource-demo.orangehrmlive.com/web/index.php/auth/login,1841,0,0
1736528114445,1841,Logout-0,302,Found,Thread Group 1-1,text,true,,1956,585,30,30,https://opensource-demo.orangehrmlive.com/web/index.php/auth/logout,1841,0,0
1736528116286,697,Logout-1,200,OK,Thread Group 1-1,text,true,,4861,584,30,30,https://opensource-demo.orangehrmlive.com/web/index.php/auth/login,697,0,0
1736528064825,7715,Test,200,"Number of samples in transaction : 6, number of failing samples : 0",Thread Group 1-1,,true,,39060,6647,30,30,null,5401,44445,992
1736528115613,1615,Logout,200,OK,Thread Group 1-4,text,true,,6817,1169,29,29,https://opensource-demo.orangehrmlive.com/web/index.php/auth/login,395,0,0
1736528115613,395,Logout-0,302,Found,Thread Group 1-4,text,true,,1956,585,29,29,https://opensource-demo.orangehrmlive.com/web/index.php/auth/logout,395,0,0
1736528116009,1219,Logout-1,200,OK,Thread Group 1-4,text,true,,4861,584,29,29,https://opensource-demo.orangehrmlive.com/web/index.php/auth/login,1219,0,0
1736528065885,6969,Test,200,"Number of samples in transaction : 6, number of failing samples : 0",Thread Group 1-4,,true,,39071,6647,29,29,null,3691,44377,651
1736528112673,4555,AdminModule,200,OK,Thread Group 1-28,text,true,,6811,1179,29,29,https://opensource-demo.orangehrmlive.com/web/index.php/auth/login,2170,0,0
1736528112673,2170,AdminModule-0,302,Found,Thread Group 1-28,text,true,,1956,595,29,29,https://opensource-demo.orangehrmlive.com/web/index.php/admin/viewAdminModule,2170,0,0
1736528114843,2385,AdminModule-1,200,OK,Thread Group 1-28,text,true,,4855,584,29,29,https://opensource-demo.orangehrmlive.com/web/index.php/auth/login,2385,0,0
1736528112990,4570,AdminModule,200,OK,Thread Group 1-29,text,true,,6797,1179,28,28,https://opensource-demo.orangehrmlive.com/web/index.php/auth/login,383,0,0
1736528112990,383,AdminModule-0,302,Found,Thread Group 1-29,text,true,,1956,595,28,28,https://opensource-demo.orangehrmlive.com/web/index.php/admin/viewAdminModule,383,0,0
1736528113374,4186,AdminModule-1,200,OK,Thread Group 1-29,text,true,,4841,584,28,28,https://opensource-demo.orangehrmlive.com/web/index.php/auth/login,4186,0,0
1736528115437,2123,AdminModule,200,OK,Thread Group 1-23,text,true,,6796,1179,28,28,https://opensource-demo.orangehrmlive.com/web/index.php/auth/login,389,0,0
1736528115437,389,AdminModule-0,302,Found,Thread Group 1-23,text,true,,1956,595,28,28,https://opensource-demo.orangehrmlive.com/web/index.php/admin/viewAdminModule,389,0,0
1736528115827,1733,AdminModule-1,200,OK,Thread Group 1-23,text,true,,4840,584,28,28,https://opensource-demo.orangehrmlive.com/web/index.php/auth/login,1733,0,0
1736528115759,1902,AdminModule,200,OK,Thread Group 1-18,text,true,,6815,1179,28,28,https://opensource-demo.orangehrmlive.com/web/index.php/auth/login,404,0,0
1736528115759,404,AdminModule-0,302,Found,Thread Group 1-18,text,true,,1956,595,28,28,https://opensource-demo.orangehrmlive.com/web/index.php/admin/viewAdminModule,404,0,0
1736528116164,1497,AdminModule-1,200,OK,Thread Group 1-18,text,true,,4859,584,28,28,https://opensource-demo.orangehrmlive.com/web/index.php/auth/login,1497,0,0
1736528115188,3177,Dashboard,200,OK,Thread Group 1-10,text,true,,6794,1173,28,28,https://opensource-demo.orangehrmlive.com/web/index.php/auth/login,2085,0,0
1736528115188,2086,Dashboard-0,302,Found,Thread Group 1-10,text,true,,1956,589,28,28,https://opensource-demo.orangehrmlive.com/web/index.php/dashboard/index,2085,0,0
1736528117274,1091,Dashboard-1,200,OK,Thread Group 1-10,text,true,,4838,584,28,28,https://opensource-demo.orangehrmlive.com/web/index.php/auth/login,1091,0,0
1736528114012,4653,Dashboard,200,OK,Thread Group 1-3,text,true,,6789,1173,28,28,https://opensource-demo.orangehrmlive.com/web/index.php/auth/login,408,0,0
1736528114012,408,Dashboard-0,302,Found,Thread Group 1-3,text,true,,1956,589,28,28,https://opensource-demo.orangehrmlive.com/web/index.php/dashboard/index,408,0,0
1736528114421,4244,Dashboard-1,200,OK,Thread Group 1-3,text,true,,4833,584,28,28,https://opensource-demo.orangehrmlive.com/web/index.php/auth/login,4244,0,0
1736528119158,779,Dashboard,200,OK,Thread Group 1-14,text,true,,6803,1173,28,28,https://opensource-demo.orangehrmlive.com/web/index.php/auth/login,383,0,0
1736528119158,383,Dashboard-0,302,Found,Thread Group 1-14,text,true,,1956,589,28,28,https://opensource-demo.orangehrmlive.com/web/index.php/dashboard/index,383,0,0
1736528119541,396,Dashboard-1,200,OK,Thread Group 1-14,text,true,,4847,584,28,28,https://opensource-demo.orangehrmlive.com/web/index.php/auth/login,396,0,0
1736528117542,2659,AdminModule,200,OK,Thread Group 1-8,text,true,,6801,1179,28,28,https://opensource-demo.orangehrmlive.com/web/index.php/auth/login,784,0,0
1736528117542,784,AdminModule-0,302,Found,Thread Group 1-8,text,true,,1956,595,28,28,https://opensource-demo.orangehrmlive.com/web/index.php/admin/viewAdminModule,784,0,0
1736528118327,1874,AdminModule-1,200,OK,Thread Group 1-8,text,true,,4845,584,28,28,https://opensource-demo.orangehrmlive.com/web/index.php/auth/login,1874,0,0
1736528119794,845,Logout,200,OK,Thread Group 1-15,text,true,,6800,1169,28,28,https://opensource-demo.orangehrmlive.com/web/index.php/auth/login,409,0,0
1736528119794,410,Logout-0,302,Found,Thread Group 1-15,text,true,,1956,585,28,28,https://opensource-demo.orangehrmlive.com/web/index.php/auth/logout,409,0,0
1736528120204,435,Logout-1,200,OK,Thread Group 1-15,text,true,,4844,584,28,28,https://opensource-demo.orangehrmlive.com/web/index.php/auth/login,434,0,0
1736528069480,6789,Test,200,"Number of samples in transaction : 6, number of failing samples : 0",Thread Group 1-15,,true,,39066,6647,28,28,null,3498,44372,702
1736528119878,782,Dashboard,200,OK,Thread Group 1-21,text,true,,6815,1173,27,27,https://opensource-demo.orangehrmlive.com/web/index.php/auth/login,378,0,0
1736528119878,378,Dashboard-0,302,Found,Thread Group 1-21,text,true,,1956,589,27,27,https://opensource-demo.orangehrmlive.com/web/index.php/dashboard/index,378,0,0
1736528120257,403,Dashboard-1,200,OK,Thread Group 1-21,text,true,,4859,584,27,27,https://opensource-demo.orangehrmlive.com/web/index.php/auth/login,403,0,0
1736528118645,2384,Dashboard,200,OK,Thread Group 1-6,text,true,,6799,1173,27,27,https://opensource-demo.orangehrmlive.com/web/index.php/auth/login,433,0,0
1736528118645,433,Dashboard-0,302,Found,Thread Group 1-6,text,true,,1956,589,27,27,https://opensource-demo.orangehrmlive.com/web/index.php/dashboard/index,433,0,0
1736528119079,1950,Dashboard-1,200,OK,Thread Group 1-6,text,true,,4843,584,27,27,https://opensource-demo.orangehrmlive.com/web/index.php/auth/login,1950,0,0
1736528118750,2279,Dashboard,200,OK,Thread Group 1-12,text,true,,6801,1173,27,27,https://opensource-demo.orangehrmlive.com/web/index.php/auth/login,1451,0,0
1736528118750,1451,Dashboard-0,302,Found,Thread Group 1-12,text,true,,1956,589,27,27,https://opensource-demo.orangehrmlive.com/web/index.php/dashboard/index,1451,0,0
1736528120202,827,Dashboard-1,200,OK,Thread Group 1-12,text,true,,4845,584,27,27,https://opensource-demo.orangehrmlive.com/web/index.php/auth/login,827,0,0
1736528119794,1628,Logout,200,OK,Thread Group 1-5,text,true,,6814,1169,27,27,https://opensource-demo.orangehrmlive.com/web/index.php/auth/login,407,0,0
1736528119794,407,Logout-0,302,Found,Thread Group 1-5,text,true,,1956,585,27,27,https://opensource-demo.orangehrmlive.com/web/index.php/auth/logout,407,0,0
1736528120202,1220,Logout-1,200,OK,Thread Group 1-5,text,true,,4858,584,27,27,https://opensource-demo.orangehrmlive.com/web/index.php/auth/login,1220,0,0
1736528066156,10894,Test,200,"Number of samples in transaction : 6, number of failing samples : 0",Thread Group 1-5,,true,,39051,6647,27,27,null,4378,44374,704
1736528118692,2788,Dashboard,200,OK,Thread Group 1-26,text,true,,6806,1173,26,26,https://opensource-demo.orangehrmlive.com/web/index.php/auth/login,386,0,0
1736528118692,386,Dashboard-0,302,Found,Thread Group 1-26,text,true,,1956,589,26,26,https://opensource-demo.orangehrmlive.com/web/index.php/dashboard/index,386,0,0
1736528119079,2401,Dashboard-1,200,OK,Thread Group 1-26,text,true,,4850,584,26,26,https://opensource-demo.orangehrmlive.com/web/index.php/auth/login,2401,0,0
1736528119158,2688,Dashboard,200,OK,Thread Group 1-24,text,true,,6807,1173,26,26,https://opensource-demo.orangehrmlive.com/web/index.php/auth/login,1980,0,0
1736528119158,1980,Dashboard-0,302,Found,Thread Group 1-24,text,true,,1956,589,26,26,https://opensource-demo.orangehrmlive.com/web/index.php/dashboard/index,1980,0,0
1736528121138,708,Dashboard-1,200,OK,Thread Group 1-24,text,true,,4851,584,26,26,https://opensource-demo.orangehrmlive.com/web/index.php/auth/login,708,0,0
1736528120209,2099,Logout,200,OK,Thread Group 1-2,text,true,,6799,1169,26,26,https://opensource-demo.orangehrmlive.com/web/index.php/auth/login,414,0,0
1736528120209,414,Logout-0,302,Found,Thread Group 1-2,text,true,,1956,585,26,26,https://opensource-demo.orangehrmlive.com/web/index.php/auth/logout,414,0,0
1736528120623,1685,Logout-1,200,OK,Thread Group 1-2,text,true,,4843,584,26,26,https://opensource-demo.orangehrmlive.com/web/index.php/auth/login,1685,0,0
1736528065154,12788,Test,200,"Number of samples in transaction : 6, number of failing samples : 0",Thread Group 1-2,,true,,39058,6647,26,26,null,6652,44369,1792
1736528120318,2245,AdminModule,200,OK,Thread Group 1-13,text,true,,6797,1179,25,25,https://opensource-demo.orangehrmlive.com/web/index.php/auth/login,1504,0,0
1736528120318,1505,AdminModule-0,302,Found,Thread Group 1-13,text,true,,1956,595,25,25,https://opensource-demo.orangehrmlive.com/web/index.php/admin/viewAdminModule,1504,0,0
1736528121823,740,AdminModule-1,200,OK,Thread Group 1-13,text,true,,4841,584,25,25,https://opensource-demo.orangehrmlive.com/web/index.php/auth/login,740,0,0
1736528122123,1102,Dashboard,200,OK,Thread Group 1-29,text,true,,6794,1173,25,25,https://opensource-demo.orangehrmlive.com/web/index.php/auth/login,407,0,0
1736528122123,407,Dashboard-0,302,Found,Thread Group 1-29,text,true,,1956,589,25,25,https://opensource-demo.orangehrmlive.com/web/index.php/dashboard/index,407,0,0
1736528122530,695,Dashboard-1,200,OK,Thread Group 1-29,text,true,,4838,584,25,25,https://opensource-demo.orangehrmlive.com/web/index.php/auth/login,695,0,0
1736528121799,1728,AdminModule,200,OK,Thread Group 1-25,text,true,,6791,1179,25,25,https://opensource-demo.orangehrmlive.com/web/index.php/auth/login,387,0,0
1736528121799,387,AdminModule-0,302,Found,Thread Group 1-25,text,true,,1956,595,25,25,https://opensource-demo.orangehrmlive.com/web/index.php/admin/viewAdminModule,387,0,0
1736528122186,1341,AdminModule-1,200,OK,Thread Group 1-25,text,true,,4835,584,25,25,https://opensource-demo.orangehrmlive.com/web/index.php/auth/login,1341,0,0
1736528121087,2500,Dashboard,200,OK,Thread Group 1-9,text,true,,6817,1173,25,25,https://opensource-demo.orangehrmlive.com/web/index.php/auth/login,393,0,0
1736528121087,393,Dashboard-0,302,Found,Thread Group 1-9,text,true,,1956,589,25,25,https://opensource-demo.orangehrmlive.com/web/index.php/dashboard/index,393,0,0
1736528121480,2107,Dashboard-1,200,OK,Thread Group 1-9,text,true,,4861,584,25,25,https://opensource-demo.orangehrmlive.com/web/index.php/auth/login,2107,0,0
1736528122121,1466,Dashboard,200,OK,Thread Group 1-23,text,true,,6792,1173,25,25,https://opensource-demo.orangehrmlive.com/web/index.php/auth/login,378,0,0
1736528122121,378,Dashboard-0,302,Found,Thread Group 1-23,text,true,,1956,589,25,25,https://opensource-demo.orangehrmlive.com/web/index.php/dashboard/index,378,0,0
1736528122499,1088,Dashboard-1,200,OK,Thread Group 1-23,text,true,,4836,584,25,25,https://opensource-demo.orangehrmlive.com/web/index.php/auth/login,1088,0,0
1736528115453,8325,Dashboard,200,OK,Thread Group 1-20,text,false,"The operation lasted too long: It took 8,325 milliseconds, but should not have lasted longer than 7,000 milliseconds.",6803,1173,25,25,https://opensource-demo.orangehrmlive.com/web/index.php/auth/login,3212,0,0
1736528115453,3212,Dashboard-0,302,Found,Thread Group 1-20,text,true,,1956,589,25,25,https://opensource-demo.orangehrmlive.com/web/index.php/dashboard/index,3212,0,0
1736528118666,5112,Dashboard-1,200,OK,Thread Group 1-20,text,true,,4847,584,25,25,https://opensource-demo.orangehrmlive.com/web/index.php/auth/login,5112,0,0
1736528121793,2204,Dashboard,200,OK,Thread Group 1-28,text,true,,6810,1173,25,25,https://opensource-demo.orangehrmlive.com/web/index.php/auth/login,1397,0,0
1736528121793,1397,Dashboard-0,302,Found,Thread Group 1-28,text,true,,1956,589,25,25,https://opensource-demo.orangehrmlive.com/web/index.php/dashboard/index,1397,0,0
1736528123190,807,Dashboard-1,200,OK,Thread Group 1-28,text,true,,4854,584,25,25,https://opensource-demo.orangehrmlive.com/web/index.php/auth/login,807,0,0
1736528122823,1511,Logout,200,OK,Thread Group 1-17,text,true,,6794,1169,25,25,https://opensource-demo.orangehrmlive.com/web/index.php/auth/login,401,0,0
1736528122823,402,Logout-0,302,Found,Thread Group 1-17,text,true,,1956,585,25,25,https://opensource-demo.orangehrmlive.com/web/index.php/auth/logout,401,0,0
1736528123225,1109,Logout-1,200,OK,Thread Group 1-17,text,true,,4838,584,25,25,https://opensource-demo.orangehrmlive.com/web/index.php/auth/login,1109,0,0
1736528122052,2282,MyDetails,200,OK,Thread Group 1-30,text,true,,6810,1175,25,25,https://opensource-demo.orangehrmlive.com/web/index.php/auth/login,395,0,0
1736528122052,395,MyDetails-0,302,Found,Thread Group 1-30,text,true,,1956,591,25,25,https://opensource-demo.orangehrmlive.com/web/index.php/pim/viewMyDetails,395,0,0
1736528070161,9806,Test,200,"Number of samples in transaction : 6, number of failing samples : 0",Thread Group 1-17,,true,,39067,6647,25,25,null,6022,44369,1672
1736528122448,1886,MyDetails-1,200,OK,Thread Group 1-30,text,true,,4854,584,25,25,https://opensource-demo.orangehrmlive.com/web/index.php/auth/login,1886,0,0
1736528117794,6581,Dashboard,200,OK,Thread Group 1-11,text,true,,6810,1173,24,24,https://opensource-demo.orangehrmlive.com/web/index.php/auth/login,457,0,0
1736528117794,457,Dashboard-0,302,Found,Thread Group 1-11,text,true,,1956,589,24,24,https://opensource-demo.orangehrmlive.com/web/index.php/dashboard/index,457,0,0
1736528118251,6124,Dashboard-1,200,OK,Thread Group 1-11,text,true,,4854,584,24,24,https://opensource-demo.orangehrmlive.com/web/index.php/auth/login,6124,0,0
1736528122224,2554,Dashboard,200,OK,Thread Group 1-18,text,true,,6795,1173,24,24,https://opensource-demo.orangehrmlive.com/web/index.php/auth/login,399,0,0
1736528122224,399,Dashboard-0,302,Found,Thread Group 1-18,text,true,,1956,589,24,24,https://opensource-demo.orangehrmlive.com/web/index.php/dashboard/index,399,0,0
1736528122624,2154,Dashboard-1,200,OK,Thread Group 1-18,text,true,,4839,584,24,24,https://opensource-demo.orangehrmlive.com/web/index.php/auth/login,2154,0,0
1736528124764,2746,Dashboard,200,OK,Thread Group 1-8,text,true,,6806,1173,24,24,https://opensource-demo.orangehrmlive.com/web/index.php/auth/login,524,0,0
1736528124764,524,Dashboard-0,302,Found,Thread Group 1-8,text,true,,1956,589,24,24,https://opensource-demo.orangehrmlive.com/web/index.php/dashboard/index,524,0,0
1736528125289,2221,Dashboard-1,200,OK,Thread Group 1-8,text,true,,4850,584,24,24,https://opensource-demo.orangehrmlive.com/web/index.php/auth/login,2221,0,0
1736528126473,2750,Logout,200,OK,Thread Group 1-14,text,true,,6787,1169,24,24,https://opensource-demo.orangehrmlive.com/web/index.php/auth/login,432,0,0
1736528126473,432,Logout-0,302,Found,Thread Group 1-14,text,true,,1956,585,24,24,https://opensource-demo.orangehrmlive.com/web/index.php/auth/logout,432,0,0
1736528126905,2318,Logout-1,200,OK,Thread Group 1-14,text,true,,4831,584,24,24,https://opensource-demo.orangehrmlive.com/web/index.php/auth/login,2318,0,0
1736528069159,15703,Test,200,"Number of samples in transaction : 6, number of failing samples : 0",Thread Group 1-14,,true,,39090,6647,24,24,null,9809,44364,3010
1736528127125,2576,Dashboard,200,OK,Thread Group 1-13,text,true,,6806,1173,23,23,https://opensource-demo.orangehrmlive.com/web/index.php/auth/login,1481,0,0
1736528127125,1481,Dashboard-0,302,Found,Thread Group 1-13,text,true,,1956,589,23,23,https://opensource-demo.orangehrmlive.com/web/index.php/dashboard/index,1481,0,0
1736528128606,1095,Dashboard-1,200,OK,Thread Group 1-13,text,true,,4850,584,23,23,https://opensource-demo.orangehrmlive.com/web/index.php/auth/login,1095,0,0
1736528128091,2280,Dashboard,200,OK,Thread Group 1-25,text,true,,6799,1173,23,23,https://opensource-demo.orangehrmlive.com/web/index.php/auth/login,515,0,0
1736528128091,515,Dashboard-0,302,Found,Thread Group 1-25,text,true,,1956,589,23,23,https://opensource-demo.orangehrmlive.com/web/index.php/dashboard/index,515,0,0
1736528128606,1765,Dashboard-1,200,OK,Thread Group 1-25,text,true,,4843,584,23,23,https://opensource-demo.orangehrmlive.com/web/index.php/auth/login,1765,0,0
1736528127565,2806,Logout,200,OK,Thread Group 1-12,text,true,,6809,1169,23,23,https://opensource-demo.orangehrmlive.com/web/index.php/auth/login,519,0,0
1736528127565,519,Logout-0,302,Found,Thread Group 1-12,text,true,,1956,585,23,23,https://opensource-demo.orangehrmlive.com/web/index.php/auth/logout,519,0,0
1736528128084,2287,Logout-1,200,OK,Thread Group 1-12,text,true,,4853,584,23,23,https://opensource-demo.orangehrmlive.com/web/index.php/auth/login,2287,0,0
1736528068484,17520,Test,,"Number of samples in transaction : 6, number of failing samples : 1",Thread Group 1-12,,false,,39074,6647,23,23,null,10154,44369,1439
1736528128017,2668,Logout,200,OK,Thread Group 1-26,text,true,,6806,1169,22,22,https://opensource-demo.orangehrmlive.com/web/index.php/auth/login,409,0,0
1736528128017,409,Logout-0,302,Found,Thread Group 1-26,text,true,,1956,585,22,22,https://opensource-demo.orangehrmlive.com/web/index.php/auth/logout,409,0,0
1736528128426,2259,Logout-1,200,OK,Thread Group 1-26,text,true,,4850,584,22,22,https://opensource-demo.orangehrmlive.com/web/index.php/auth/login,2258,0,0
1736528073148,13177,Test,200,"Number of samples in transaction : 6, number of failing samples : 0",Thread Group 1-26,,true,,39114,6647,22,22,null,3117,44362,693
1736528130541,1132,AdminModule,200,OK,Thread Group 1-30,text,true,,6802,1179,21,21,https://opensource-demo.orangehrmlive.com/web/index.php/auth/login,416,0,0
1736528130541,416,AdminModule-0,302,Found,Thread Group 1-30,text,true,,1956,595,21,21,https://opensource-demo.orangehrmlive.com/web/index.php/admin/viewAdminModule,416,0,0
1736528130958,715,AdminModule-1,200,OK,Thread Group 1-30,text,true,,4846,584,21,21,https://opensource-demo.orangehrmlive.com/web/index.php/auth/login,715,0,0
1736528129761,1967,Logout,200,OK,Thread Group 1-29,text,true,,6791,1169,21,21,https://opensource-demo.orangehrmlive.com/web/index.php/auth/login,385,0,0
1736528129761,385,Logout-0,302,Found,Thread Group 1-29,text,true,,1956,585,21,21,https://opensource-demo.orangehrmlive.com/web/index.php/auth/logout,385,0,0
1736528130147,1581,Logout-1,200,OK,Thread Group 1-29,text,true,,4835,584,21,21,https://opensource-demo.orangehrmlive.com/web/index.php/auth/login,1581,0,0
1736528074148,13216,Test,200,"Number of samples in transaction : 6, number of failing samples : 0",Thread Group 1-29,,true,,39051,6647,21,21,null,5188,44366,1716
1736528125203,6836,Logout,200,OK,Thread Group 1-3,text,false,"The operation lasted too long: It took 6,836 milliseconds, but should not have lasted longer than 5,000 milliseconds.",6791,1169,20,20,https://opensource-demo.orangehrmlive.com/web/index.php/auth/login,1355,0,0
1736528125203,1355,Logout-0,302,Found,Thread Group 1-3,text,true,,1956,585,20,20,https://opensource-demo.orangehrmlive.com/web/index.php/auth/logout,1355,0,0
1736528126558,5481,Logout-1,200,OK,Thread Group 1-3,text,true,,4835,584,20,20,https://opensource-demo.orangehrmlive.com/web/index.php/auth/login,5481,0,3146
1736528065493,22118,Test,,"Number of samples in transaction : 6, number of failing samples : 2",Thread Group 1-3,,false,,39076,6647,20,20,null,5089,44430,690
1736528119777,13109,AdminModule,200,OK,Thread Group 1-16,text,false,"The operation lasted too long: It took 13,109 milliseconds, but should not have lasted longer than 5,000 milliseconds.",6786,1179,19,19,https://opensource-demo.orangehrmlive.com/web/index.php/auth/login,424,0,0
1736528119777,424,AdminModule-0,302,Found,Thread Group 1-16,text,true,,1956,595,19,19,https://opensource-demo.orangehrmlive.com/web/index.php/admin/viewAdminModule,424,0,0
1736528120202,12684,AdminModule-1,200,OK,Thread Group 1-16,text,true,,4830,584,19,19,https://opensource-demo.orangehrmlive.com/web/index.php/auth/login,12684,0,0
1736528130124,2849,Logout,200,OK,Thread Group 1-23,text,true,,6791,1169,19,19,https://opensource-demo.orangehrmlive.com/web/index.php/auth/login,377,0,0
1736528130124,377,Logout-0,302,Found,Thread Group 1-23,text,true,,1956,585,19,19,https://opensource-demo.orangehrmlive.com/web/index.php/auth/logout,377,0,0
1736528130501,2472,Logout-1,200,OK,Thread Group 1-23,text,true,,4835,584,19,19,https://opensource-demo.orangehrmlive.com/web/index.php/auth/login,2472,0,0
1736528072149,16465,Test,200,"Number of samples in transaction : 6, number of failing samples : 0",Thread Group 1-23,,true,,39051,6647,19,19,null,7702,44360,686
1736528130124,2869,Logout,200,OK,Thread Group 1-9,text,true,,6790,1169,18,18,https://opensource-demo.orangehrmlive.com/web/index.php/auth/login,998,0,625
1736528127195,5798,Logout,200,OK,Thread Group 1-21,text,false,"The operation lasted too long: It took 5,798 milliseconds, but should not have lasted longer than 5,000 milliseconds.",6809,1169,18,18,https://opensource-demo.orangehrmlive.com/web/index.php/auth/login,387,0,0
1736528130124,998,Logout-0,302,Found,Thread Group 1-9,text,true,,1956,585,18,18,https://opensource-demo.orangehrmlive.com/web/index.php/auth/logout,998,0,625
1736528127195,387,Logout-0,302,Found,Thread Group 1-21,text,true,,1956,585,18,18,https://opensource-demo.orangehrmlive.com/web/index.php/auth/logout,387,0,0
1736528131122,1871,Logout-1,200,OK,Thread Group 1-9,text,true,,4834,584,18,18,https://opensource-demo.orangehrmlive.com/web/index.php/auth/login,1871,0,0
1736528127583,5410,Logout-1,200,OK,Thread Group 1-21,text,true,,4853,584,18,18,https://opensource-demo.orangehrmlive.com/web/index.php/auth/login,5410,0,0
1736528067489,21139,Test,,"Number of samples in transaction : 6, number of failing samples : 1",Thread Group 1-9,,false,,39086,6647,18,18,null,12405,44368,1325
1736528071483,17156,Test,,"Number of samples in transaction : 6, number of failing samples : 1",Thread Group 1-21,,false,,39089,6647,18,18,null,7005,44357,1679
1736528130533,2846,Logout,200,OK,Thread Group 1-28,text,true,,6802,1169,16,16,https://opensource-demo.orangehrmlive.com/web/index.php/auth/login,2152,0,0
1736528130533,2152,Logout-0,302,Found,Thread Group 1-28,text,true,,1956,585,16,16,https://opensource-demo.orangehrmlive.com/web/index.php/auth/logout,2152,0,0
1736528132686,693,Logout-1,200,OK,Thread Group 1-28,text,true,,4846,584,16,16,https://opensource-demo.orangehrmlive.com/web/index.php/auth/login,693,0,0
1736528073815,15203,Test,200,"Number of samples in transaction : 6, number of failing samples : 0",Thread Group 1-28,,true,,39087,6647,16,16,null,8938,44364,691
1736528128382,6040,Logout,200,OK,Thread Group 1-24,text,false,"The operation lasted too long: It took 6,040 milliseconds, but should not have lasted longer than 5,000 milliseconds.",6810,1169,15,15,https://opensource-demo.orangehrmlive.com/web/index.php/auth/login,3145,0,0
1736528128382,3145,Logout-0,302,Found,Thread Group 1-24,text,true,,1956,585,15,15,https://opensource-demo.orangehrmlive.com/web/index.php/auth/logout,3145,0,0
1736528131528,2894,Logout-1,200,OK,Thread Group 1-24,text,true,,4854,584,15,15,https://opensource-demo.orangehrmlive.com/web/index.php/auth/login,2894,0,0
1736528072483,17572,Test,,"Number of samples in transaction : 6, number of failing samples : 1",Thread Group 1-24,,false,,39092,6647,15,15,null,11152,44370,2717
1736528130912,5802,Logout,200,OK,Thread Group 1-11,text,false,"The operation lasted too long: It took 5,802 milliseconds, but should not have lasted longer than 5,000 milliseconds.",6786,1169,14,14,https://opensource-demo.orangehrmlive.com/web/index.php/auth/login,5046,0,620
1736528130912,5046,Logout-0,302,Found,Thread Group 1-11,text,true,,1956,585,14,14,https://opensource-demo.orangehrmlive.com/web/index.php/auth/logout,5046,0,620
1736528135959,755,Logout-1,200,OK,Thread Group 1-11,text,true,,4830,584,14,14,https://opensource-demo.orangehrmlive.com/web/index.php/auth/login,755,0,0
1736528068152,24197,Test,,"Number of samples in transaction : 6, number of failing samples : 2",Thread Group 1-11,,false,,39108,6647,14,14,null,13354,44367,2039
1736528127565,9460,Logout,200,OK,Thread Group 1-6,text,false,"The operation lasted too long: It took 9,460 milliseconds, but should not have lasted longer than 5,000 milliseconds.",6801,1169,13,13,https://opensource-demo.orangehrmlive.com/web/index.php/auth/login,7352,0,1815
1736528127565,7352,Logout-0,302,Found,Thread Group 1-6,text,true,,1956,585,13,13,https://opensource-demo.orangehrmlive.com/web/index.php/auth/logout,7352,0,1815
1736528134918,2107,Logout-1,200,OK,Thread Group 1-6,text,true,,4845,584,13,13,https://opensource-demo.orangehrmlive.com/web/index.php/auth/login,2107,0,0
1736528066492,26162,Test,,"Number of samples in transaction : 6, number of failing samples : 2",Thread Group 1-6,,false,,39121,6647,13,13,null,11068,44374,2500
1736528131315,6005,Logout,200,OK,Thread Group 1-18,text,false,"The operation lasted too long: It took 6,005 milliseconds, but should not have lasted longer than 5,000 milliseconds.",6786,1169,12,12,https://opensource-demo.orangehrmlive.com/web/index.php/auth/login,5321,0,2743
1736528131315,5321,Logout-0,302,Found,Thread Group 1-18,text,true,,1956,585,12,12,https://opensource-demo.orangehrmlive.com/web/index.php/auth/logout,5321,0,2743
1736528136636,684,Logout-1,200,OK,Thread Group 1-18,text,true,,4830,584,12,12,https://opensource-demo.orangehrmlive.com/web/index.php/auth/login,683,0,0
1736528070486,22474,Test,,"Number of samples in transaction : 6, number of failing samples : 2",Thread Group 1-18,,false,,39056,6647,12,12,null,14849,44362,3426
1736528136235,1481,Dashboard,200,OK,Thread Group 1-30,text,true,,6793,1173,11,11,https://opensource-demo.orangehrmlive.com/web/index.php/auth/login,1077,0,702
1736528136235,1077,Dashboard-0,302,Found,Thread Group 1-30,text,true,,1956,589,11,11,https://opensource-demo.orangehrmlive.com/web/index.php/dashboard/index,1077,0,702
1736528137313,403,Dashboard-1,200,OK,Thread Group 1-30,text,true,,4837,584,11,11,https://opensource-demo.orangehrmlive.com/web/index.php/auth/login,403,0,0
1736528137448,1588,Dashboard,200,OK,Thread Group 1-16,text,true,,6795,1173,11,11,https://opensource-demo.orangehrmlive.com/web/index.php/auth/login,1186,0,766
1736528137448,1187,Dashboard-0,302,Found,Thread Group 1-16,text,true,,1956,589,11,11,https://opensource-demo.orangehrmlive.com/web/index.php/dashboard/index,1186,0,766
1736528138635,401,Dashboard-1,200,OK,Thread Group 1-16,text,true,,4839,584,11,11,https://opensource-demo.orangehrmlive.com/web/index.php/auth/login,401,0,0
1736528124902,14440,Logout,200,OK,Thread Group 1-10,text,false,"The operation lasted too long: It took 14,440 milliseconds, but should not have lasted longer than 5,000 milliseconds.",6815,1169,11,11,https://opensource-demo.orangehrmlive.com/web/index.php/auth/login,3302,0,0
1736528124902,3302,Logout-0,302,Found,Thread Group 1-10,text,true,,1956,585,11,11,https://opensource-demo.orangehrmlive.com/web/index.php/auth/logout,3302,0,0
1736528128205,11137,Logout-1,200,OK,Thread Group 1-10,text,true,,4859,584,11,11,https://opensource-demo.orangehrmlive.com/web/index.php/auth/login,11137,0,8795
1736528067819,27154,Test,,"Number of samples in transaction : 6, number of failing samples : 1",Thread Group 1-10,,false,,39074,6647,11,11,null,12143,44372,1071
1736528136908,2539,Logout,200,OK,Thread Group 1-25,text,true,,6804,1169,10,10,https://opensource-demo.orangehrmlive.com/web/index.php/auth/login,2128,0,1714
1736528136908,2128,Logout-0,302,Found,Thread Group 1-25,text,true,,1956,585,10,10,https://opensource-demo.orangehrmlive.com/web/index.php/auth/logout,2128,0,1714
1736528139037,410,Logout-1,200,OK,Thread Group 1-25,text,true,,4848,584,10,10,https://opensource-demo.orangehrmlive.com/web/index.php/auth/login,410,0,0
1736528072820,22267,Test,,"Number of samples in transaction : 6, number of failing samples : 1",Thread Group 1-25,,false,,39034,6647,10,10,null,16488,44363,3398
1736528134046,5720,Logout,200,OK,Thread Group 1-8,text,false,"The operation lasted too long: It took 5,720 milliseconds, but should not have lasted longer than 5,000 milliseconds.",6813,1169,9,9,https://opensource-demo.orangehrmlive.com/web/index.php/auth/login,3407,0,2762
1736528134046,3407,Logout-0,302,Found,Thread Group 1-8,text,true,,1956,585,9,9,https://opensource-demo.orangehrmlive.com/web/index.php/auth/logout,3407,0,2762
1736528137453,2313,Logout-1,200,OK,Thread Group 1-8,text,true,,4857,584,9,9,https://opensource-demo.orangehrmlive.com/web/index.php/auth/login,2313,0,0
1736528067158,28243,Test,,"Number of samples in transaction : 6, number of failing samples : 2",Thread Group 1-8,,false,,39089,6647,9,9,null,17803,44369,7713
1736528130314,11178,Logout,200,OK,Thread Group 1-20,text,false,"The operation lasted too long: It took 11,178 milliseconds, but should not have lasted longer than 5,000 milliseconds.",6809,1169,8,8,https://opensource-demo.orangehrmlive.com/web/index.php/auth/login,787,0,0
1736528130314,787,Logout-0,302,Found,Thread Group 1-20,text,true,,1956,585,8,8,https://opensource-demo.orangehrmlive.com/web/index.php/auth/logout,787,0,0
1736528131102,10390,Logout-1,200,OK,Thread Group 1-20,text,true,,4853,584,8,8,https://opensource-demo.orangehrmlive.com/web/index.php/auth/login,10390,0,0
1736528071153,25976,Test,,"Number of samples in transaction : 6, number of failing samples : 3",Thread Group 1-20,,false,,39097,6647,8,8,null,9223,44366,3350
1736528136238,6867,Logout,200,OK,Thread Group 1-13,text,false,"The operation lasted too long: It took 6,867 milliseconds, but should not have lasted longer than 5,000 milliseconds.",6809,1169,7,7,https://opensource-demo.orangehrmlive.com/web/index.php/auth/login,6171,0,1624
1736528136238,6171,Logout-0,302,Found,Thread Group 1-13,text,true,,1956,585,7,7,https://opensource-demo.orangehrmlive.com/web/index.php/auth/logout,6171,0,1624
1736528142409,696,Logout-1,200,OK,Thread Group 1-13,text,true,,4853,584,7,7,https://opensource-demo.orangehrmlive.com/web/index.php/auth/login,696,0,0
1736528068817,29928,Test,,"Number of samples in transaction : 6, number of failing samples : 2",Thread Group 1-13,,false,,39105,6647,7,7,null,21124,44369,2378
1736528144252,781,Logout,200,OK,Thread Group 1-30,text,true,,6808,1169,6,6,https://opensource-demo.orangehrmlive.com/web/index.php/auth/login,381,0,0
1736528144252,381,Logout-0,302,Found,Thread Group 1-30,text,true,,1956,585,6,6,https://opensource-demo.orangehrmlive.com/web/index.php/auth/logout,381,0,0
1736528144633,400,Logout-1,200,OK,Thread Group 1-30,text,true,,4852,584,6,6,https://opensource-demo.orangehrmlive.com/web/index.php/auth/login,400,0,0
1736528074482,26194,Test,,"Number of samples in transaction : 6, number of failing samples : 1",Thread Group 1-30,,false,,39111,6647,6,6,null,6401,44360,1388
1736528145574,1224,Logout,200,OK,Thread Group 1-16,text,true,,6813,1169,5,5,https://opensource-demo.orangehrmlive.com/web/index.php/auth/login,419,0,0
1736528145574,419,Logout-0,302,Found,Thread Group 1-16,text,true,,1956,585,5,5,https://opensource-demo.orangehrmlive.com/web/index.php/auth/logout,419,0,0
1736528145994,804,Logout-1,200,OK,Thread Group 1-16,text,true,,4857,584,5,5,https://opensource-demo.orangehrmlive.com/web/index.php/auth/login,804,0,0
1736528069812,32622,Test,,"Number of samples in transaction : 6, number of failing samples : 2",Thread Group 1-16,,false,,39072,6647,5,5,null,14275,44366,10112
1736528092791,55255,Validate,200,OK,Thread Group 1-19,text,false,"The operation lasted too long: It took 55,255 milliseconds, but should not have lasted longer than 5,000 milliseconds.",6925,1413,4,4,https://opensource-demo.orangehrmlive.com/web/index.php/auth/login,53924,0,0
1736528092791,53924,Validate-0,302,Found,Thread Group 1-19,text,true,,1956,829,4,4,https://opensource-demo.orangehrmlive.com/web/index.php/auth/validate,53924,0,0
1736528146716,1330,Validate-1,200,OK,Thread Group 1-19,text,true,,4969,584,4,4,https://opensource-demo.orangehrmlive.com/web/index.php/auth/login,1330,0,925
1736528123140,26750,AdminModule,200,OK,Thread Group 1-27,text,false,"The operation lasted too long: It took 26,750 milliseconds, but should not have lasted longer than 5,000 milliseconds.",6790,1179,4,4,https://opensource-demo.orangehrmlive.com/web/index.php/auth/login,4944,0,0
1736528123140,4944,AdminModule-0,302,Found,Thread Group 1-27,text,true,,1956,595,4,4,https://opensource-demo.orangehrmlive.com/web/index.php/admin/viewAdminModule,4944,0,0
1736528128084,21806,AdminModule-1,200,OK,Thread Group 1-27,text,true,,4834,584,4,4,https://opensource-demo.orangehrmlive.com/web/index.php/auth/login,21806,0,0
1736528154450,2710,Dashboard,200,OK,Thread Group 1-27,text,true,,6803,1173,4,4,https://opensource-demo.orangehrmlive.com/web/index.php/auth/login,2194,0,1774
1736528154450,2194,Dashboard-0,302,Found,Thread Group 1-27,text,true,,1956,589,4,4,https://opensource-demo.orangehrmlive.com/web/index.php/dashboard/index,2194,0,1774
1736528156645,515,Dashboard-1,200,OK,Thread Group 1-27,text,true,,4847,584,4,4,https://opensource-demo.orangehrmlive.com/web/index.php/auth/login,515,0,0
1736528114402,46761,AdminModule,200,OK,Thread Group 1-7,text,false,"The operation lasted too long: It took 46,761 milliseconds, but should not have lasted longer than 5,000 milliseconds.",6801,1179,4,4,https://opensource-demo.orangehrmlive.com/web/index.php/auth/login,44568,0,0
1736528114402,44568,AdminModule-0,302,Found,Thread Group 1-7,text,true,,1956,595,4,4,https://opensource-demo.orangehrmlive.com/web/index.php/admin/viewAdminModule,44568,0,0
1736528158970,2193,AdminModule-1,200,OK,Thread Group 1-7,text,true,,4845,584,4,4,https://opensource-demo.orangehrmlive.com/web/index.php/auth/login,2193,0,743
1736528158474,3806,MyDetails,200,OK,Thread Group 1-19,text,true,,6787,1175,4,4,https://opensource-demo.orangehrmlive.com/web/index.php/auth/login,2981,0,0
1736528158474,2981,MyDetails-0,302,Found,Thread Group 1-19,text,true,,1956,591,4,4,https://opensource-demo.orangehrmlive.com/web/index.php/pim/viewMyDetails,2981,0,0
1736528161456,824,MyDetails-1,200,OK,Thread Group 1-19,text,true,,4831,584,4,4,https://opensource-demo.orangehrmlive.com/web/index.php/auth/login,824,0,0
1736528163697,1855,Logout,200,OK,Thread Group 1-27,text,true,,6814,1169,4,4,https://opensource-demo.orangehrmlive.com/web/index.php/auth/login,429,0,0
1736528163697,429,Logout-0,302,Found,Thread Group 1-27,text,true,,1956,585,4,4,https://opensource-demo.orangehrmlive.com/web/index.php/auth/logout,429,0,0
1736528164127,1425,Logout-1,200,OK,Thread Group 1-27,text,true,,4858,584,4,4,https://opensource-demo.orangehrmlive.com/web/index.php/auth/login,1425,0,0
1736528073484,47710,Test,,"Number of samples in transaction : 6, number of failing samples : 3",Thread Group 1-27,,false,,39081,6647,4,4,null,12217,44361,2457
1736528165724,778,Dashboard,200,OK,Thread Group 1-7,text,true,,6815,1173,3,3,https://opensource-demo.orangehrmlive.com/web/index.php/auth/login,384,0,0
1736528165724,384,Dashboard-0,302,Found,Thread Group 1-7,text,true,,1956,589,3,3,https://opensource-demo.orangehrmlive.com/web/index.php/dashboard/index,384,0,0
1736528166108,394,Dashboard-1,200,OK,Thread Group 1-7,text,true,,4859,584,3,3,https://opensource-demo.orangehrmlive.com/web/index.php/auth/login,394,0,0
1736528168488,3946,AdminModule,200,OK,Thread Group 1-19,text,true,,6798,1179,3,3,https://opensource-demo.orangehrmlive.com/web/index.php/auth/login,443,0,0
1736528168488,443,AdminModule-0,302,Found,Thread Group 1-19,text,true,,1956,595,3,3,https://opensource-demo.orangehrmlive.com/web/index.php/admin/viewAdminModule,443,0,0
1736528168931,3503,AdminModule-1,200,OK,Thread Group 1-19,text,true,,4842,584,3,3,https://opensource-demo.orangehrmlive.com/web/index.php/auth/login,3503,0,0
1736528173039,4609,Logout,200,OK,Thread Group 1-7,text,true,,6805,1169,3,3,https://opensource-demo.orangehrmlive.com/web/index.php/auth/login,432,0,0
1736528173039,433,Logout-0,302,Found,Thread Group 1-7,text,true,,1956,585,3,3,https://opensource-demo.orangehrmlive.com/web/index.php/auth/logout,432,0,0
1736528173472,4176,Logout-1,200,OK,Thread Group 1-7,text,true,,4849,584,3,3,https://opensource-demo.orangehrmlive.com/web/index.php/auth/login,4176,0,0
1736528066821,66464,Test,,"Number of samples in transaction : 6, number of failing samples : 3",Thread Group 1-7,,false,,39102,6647,3,3,null,57254,44366,690
1736528176995,10270,Dashboard,200,OK,Thread Group 1-19,text,false,"The operation lasted too long: It took 10,270 milliseconds, but should not have lasted longer than 7,000 milliseconds.",6788,1173,2,2,https://opensource-demo.orangehrmlive.com/web/index.php/auth/login,9443,0,0
1736528176995,9444,Dashboard-0,302,Found,Thread Group 1-19,text,true,,1956,589,2,2,https://opensource-demo.orangehrmlive.com/web/index.php/dashboard/index,9443,0,0
1736528186439,826,Dashboard-1,200,OK,Thread Group 1-19,text,true,,4832,584,2,2,https://opensource-demo.orangehrmlive.com/web/index.php/auth/login,825,0,0
1736528193801,19281,Logout,200,OK,Thread Group 1-19,text,false,"The operation lasted too long: It took 19,281 milliseconds, but should not have lasted longer than 5,000 milliseconds.",6795,1169,2,2,https://opensource-demo.orangehrmlive.com/web/index.php/auth/login,17164,0,0
1736528193801,17164,Logout-0,302,Found,Thread Group 1-19,text,true,,1956,585,2,2,https://opensource-demo.orangehrmlive.com/web/index.php/auth/logout,17164,0,0
1736528210965,2117,Logout-1,200,OK,Thread Group 1-19,text,true,,4839,584,2,2,https://opensource-demo.orangehrmlive.com/web/index.php/auth/login,2117,0,1705
1736528070815,97912,Test,,"Number of samples in transaction : 6, number of failing samples : 4",Thread Group 1-19,,false,,39027,6647,2,2,null,89309,44356,4326
